{
  "mainAssemblyName": "DagrApp",
  "resources": {
    "hash": "sha256-UTIAFOioHdUPS0zaocdEE3cBDyW8E0fFlKMZYODWcCw=",
    "jsModuleNative": {
      "dotnet.native.8.0.1.crc0iyuo34.js": "sha256-Vzfx44PLBq3Dkhw3IMgB0hupa6cHl0IZ7hXRHd86hRY="
    },
    "jsModuleRuntime": {
      "dotnet.runtime.8.0.1.jvv0ztohpa.js": "sha256-HZOoaGpz9ekMa/oSmeApSKp3DXNdVUq2UBqsTIIiN8A="
    },
    "wasmNative": {
      "dotnet.native.wasm": "sha256-tgJRfgDLboadAe0b6ylBnnU1g5FlcjZayYvVpWPgPc4="
    },
    "icu": {
      "icudt_CJK.dat": "sha256-SZLtQnRc0JkwqHab0VUVP7T3uBPSeYzxzDnpxPpUnHk=",
      "icudt_EFIGS.dat": "sha256-8fItetYY8kQ0ww6oxwTLiT3oXlBwHKumbeP2pRF4yTc=",
      "icudt_no_CJK.dat": "sha256-L7sV7NEYP37/Qr2FPCePo5cJqRgTXRwGHuwF5Q+0Nfs="
    },
    "assembly": {
      "AngleSharp.Css.wasm": "sha256-4Diue02BcmgMCs2GbdIncDbObwTBOLgvd6XPH0wuoiE=",
      "AngleSharp.Diffing.wasm": "sha256-QaFFsgfXwBbDi7+iM1r20lJ1SkEyr/+t6XV7nZFnzXk=",
      "AngleSharp.wasm": "sha256-soBqVeDOe3AZki4mQ1fPzAk735KqEsg7WrIFlX30woI=",
      "AngleSharpWrappers.wasm": "sha256-0pl7LZGD/orNtTdlt7QBNDTQdfjcVK/gHHOaHy/7hvA=",
      "AWSSDK.Core.wasm": "sha256-HahkJgr0Z/KxebFeRuqg9LdUnsM6VuYbnx3qhvt7PXs=",
      "AWSSDK.S3.wasm": "sha256-Y+U9oKNCbNO8X2x7elvHbXHNzhuoNEyigjl/xVgb91o=",
      "Blazor.Extensions.Canvas.JS.wasm": "sha256-ctyeKHsvFswpiKQJpTUUWdSrDGr4UNirukOrWYnwW78=",
      "Blazor.Extensions.Canvas.wasm": "sha256-2AOrAB5tgoiK9wMMmwiE/pKPAtTjzgFudxSl6g4dt9s=",
      "Blazor.SubtleCrypto.wasm": "sha256-5cwpxBXrdqDlyk6yEq3vwvuy2/6tpUpARipB9IYW+J0=",
      "Blazored.LocalStorage.wasm": "sha256-xHBGFCMjDjvvTwtMvgaMBNmQk9JdVhGmws2/GMZlxrI=",
      "BouncyCastle.Crypto.wasm": "sha256-kMQIucV2rVtUh3tdsLcRwNNOi6J9GNC9GKieHW0p5xE=",
      "Bunit.Core.wasm": "sha256-euZQmlAXuKxbCShXR3ehwQjDyoVz95OkwidvbZvWH18=",
      "Bunit.Web.wasm": "sha256-6LvA8Rsc7+iuqhm3NrsSP6jKXb/hNx+xF7DehQIBtjI=",
      "DagrApp.wasm": "sha256-4XDVWfyGUI3gYrvp72CXngtIVfyPAbMgyPby4L4bwZQ=",
      "Microsoft.AspNetCore.Authorization.wasm": "sha256-hA3Ers6UUg4BgtVdv+zhflIIHSRhIrLc/RWs9P4AqkA=",
      "Microsoft.AspNetCore.Components.Authorization.wasm": "sha256-60AJwLeah1+EOyB5CJpJTnUxw8Xx44LLVsBxAaUoWFU=",
      "Microsoft.AspNetCore.Components.Forms.wasm": "sha256-WugP66NsNjTGYbfRq2lt+fezWY0f8zZTI3v9ZC8TTBo=",
      "Microsoft.AspNetCore.Components.wasm": "sha256-2gvBLY/vcBRAf/xdSsB7V0m6ryt001nOnETWKA60MMc=",
      "Microsoft.AspNetCore.Components.Web.wasm": "sha256-OlOqlbGDxWS7aLxlZMh2/QrsKZ+lEaMJRBJ4CxgLSRE=",
      "Microsoft.AspNetCore.Components.WebAssembly.Authentication.wasm": "sha256-uRCTxjgspGXLkWVU6rZunGAt7tVHO3P5h5fvmSo/vOY=",
      "Microsoft.AspNetCore.Components.WebAssembly.wasm": "sha256-u6GVofkJPIDnM31TWNVPPXmQ6L473CdDDCS2SNA91RY=",
      "Microsoft.AspNetCore.WebUtilities.wasm": "sha256-q6l/6OJeP3P1Q4VK0HTLliBlxH58Fzcj7SS20UrCpe8=",
      "Microsoft.CSharp.wasm": "sha256-UEKvhZkI1Ug5T2uE31R4vDZXj3xw9Vokxwwp9u0htwI=",
      "Microsoft.Extensions.Caching.Abstractions.wasm": "sha256-AGjeJA7RtduJRc9L3GWU7/wYse7FyCxueZj8FirgvvY=",
      "Microsoft.Extensions.Caching.Memory.wasm": "sha256-+86Sv1gOB0JJv6CiFzkLG8JFfNjKImdQLKn1pXNN/AY=",
      "Microsoft.Extensions.Configuration.Abstractions.wasm": "sha256-87sn2TYqgdZ95sXmavjKEzoEfMgHnYQ9LOvnMX+aZcI=",
      "Microsoft.Extensions.Configuration.Json.wasm": "sha256-hFMNUooEvDUxzRxCSdaYBY2U+ASdAYkkTmmBoxVbbT8=",
      "Microsoft.Extensions.Configuration.wasm": "sha256-jYqHUZ07UYWc8POk7xhas6xQYH7t1qoTcylqoDqncJk=",
      "Microsoft.Extensions.DependencyInjection.Abstractions.wasm": "sha256-Kgx8Ff4WIJ2x4SuU/90mJabwnq+h4ORt3FRXhP4d6HA=",
      "Microsoft.Extensions.DependencyInjection.wasm": "sha256-gyhn3ex290mY2noOq0EkX6/zITuVw+l5H8a2e6WQu/A=",
      "Microsoft.Extensions.Localization.Abstractions.wasm": "sha256-iiFkFBFp+Mq3V1vvqLo4jpBOfR0UBKIWJpxk5VstjPI=",
      "Microsoft.Extensions.Logging.Abstractions.wasm": "sha256-H1kB/BNkZ4TW46PHmaXOJDqJo46ebQ0c6cVGOh5kGvI=",
      "Microsoft.Extensions.Logging.wasm": "sha256-JEE/kPtOWQUtdrK1MK3fLW6aQN11Ozg7SS8uj6ug05I=",
      "Microsoft.Extensions.Options.wasm": "sha256-lBJi1G6I38ne8nHhOqe3kieBCn7QL2BHZVIIS+87r+Y=",
      "Microsoft.Extensions.Primitives.wasm": "sha256-EtngZ00JMxF8jhwI+Q86LviKP5C5aLr+5jyP5WVXvdE=",
      "Microsoft.IdentityModel.JsonWebTokens.wasm": "sha256-BD56N6dvXeqoLF5NyysUe9pY93WCFKngGv5gGeX69DM=",
      "Microsoft.IdentityModel.Logging.wasm": "sha256-xcYKlwZBIlRX3oVgR7gk+TT+CjE7mgZUXrp+ouCzlAY=",
      "Microsoft.IdentityModel.Tokens.wasm": "sha256-K619Gx1hoGyLERI+yGDu0pb9qjT36VlzelTRF2xumJo=",
      "Microsoft.JSInterop.wasm": "sha256-RZYeGk0I88izM9376U5OsriaAYpzxtdSQZl9kz/K1gQ=",
      "Microsoft.JSInterop.WebAssembly.wasm": "sha256-dgpK41pY713VLqa+De4oQ5fZDdp+4KRxieHn+c9c1Vk=",
      "Microsoft.Net.Http.Headers.wasm": "sha256-b59APrldqivzbOYVb0CV+lGgWn4HyUPjMa/cplEp2x8=",
      "netstandard.wasm": "sha256-664fR6rduVy09U7zuzwd4OcK/b9GCJpq8IwHVfmrJxk=",
      "NSec.Cryptography.wasm": "sha256-ywAFDtoXferEICrM3akT+z9meobGUQFPhz2X53jBT90=",
      "Snappier.wasm": "sha256-c8ngjdGiV5LB2lJCW3Oick+Dj7BJZiMWPQPqhQ11j7U=",
      "System.Buffers.wasm": "sha256-tvyZziireyCCUtDqQ1SfRdstL/Gg8pJAN4+3/Y2QpsA=",
      "System.Collections.Concurrent.wasm": "sha256-2kpbnNKhoUZ3CotGNOj+r9G3TX7osyR0sX98/HDX468=",
      "System.Collections.Immutable.wasm": "sha256-4CrVHrxXQOpuamy0ZXcQrJ/2c7OUqIU8HCpGt16XLcU=",
      "System.Collections.NonGeneric.wasm": "sha256-lNTxtDe7Zp1yHbMQ3S7+RLT2HRunqZSRghKc1aQHxJs=",
      "System.Collections.Specialized.wasm": "sha256-Bg4zwNlfwAF4Q39YJ1oSZ4K1X57KlY+320yM4K4GjjU=",
      "System.Collections.wasm": "sha256-m66cx0GMKocvV6jqHQj4mNwXFDkHb+5NIe3uG1oxKEI=",
      "System.ComponentModel.Annotations.wasm": "sha256-7zOlrXHNuztL2jcraI7Q/KXGrXC3m2lrOwyyugIGI2A=",
      "System.ComponentModel.Primitives.wasm": "sha256-mBX9RxsK8TX/bddhaxZtxpu5d9QHhtjNOSrYbCF536o=",
      "System.ComponentModel.TypeConverter.wasm": "sha256-RCgLv9TG8AQULc/7V9I73BncEhjwrjjzWx7AnrK7wNw=",
      "System.ComponentModel.wasm": "sha256-Z5G2sqiaWRPSWP919+Pftl5fSClM+Dva77wDxdHcSZw=",
      "System.Console.wasm": "sha256-z4JUJmFcBu4ZJUGX/x5gnzuEAfANulkSmhYCqJpz/RQ=",
      "System.Data.Common.wasm": "sha256-cfKhfoWizNL9oXqhJqpWvXfw8hm2IXMhSchr6bUiO4A=",
      "System.Diagnostics.DiagnosticSource.wasm": "sha256-cWQjQMR1E1hKkNbTDLbvU/FWrmmg0Db4smd3YlcLgEQ=",
      "System.Diagnostics.Process.wasm": "sha256-gICzbFcJ+yd6JLH4mR28DuxTG8DGaadPtqV1zpI22Nk=",
      "System.Diagnostics.TraceSource.wasm": "sha256-pjJswZzmEYUMgwAa98VrfkshdnIkKXR8LqPP84PlGuE=",
      "System.Drawing.Primitives.wasm": "sha256-ONZQv6lbCAdgS5SCu55CuHk7ze1NLdhjxDN2WfMKp9w=",
      "System.Drawing.wasm": "sha256-TiVh+0HhTpWyBCqTGAKwaJUZzIkWq7i8D8TIb00erlI=",
      "System.Formats.Asn1.wasm": "sha256-XOTGKjToqZ/4/2mXwGRHjA+6/DCnrn2rZh+plL2Wtr0=",
      "System.Formats.Cbor.wasm": "sha256-SYE2RMgzDMYmv6/zub0rEmOxucA19Zr09Cajcoc0tYk=",
      "System.IdentityModel.Tokens.Jwt.wasm": "sha256-DxG1Ib8GM9wysW57fJsroGXAUbTJV446VpHxkOwQ6KA=",
      "System.IO.Compression.wasm": "sha256-cPd0bOT8HisX/WELa2b7SvV8FeGivX6HGx4bLokjrYI=",
      "System.Linq.Expressions.wasm": "sha256-7NfBLRwJFzGIi5pebqnRMqbQeLgjNLkJnuJPIOlHhRo=",
      "System.Linq.wasm": "sha256-V5Ku+3ajdZvrhwYXKe/dOvGJQp50aOszWy6qqRVqvD0=",
      "System.Memory.wasm": "sha256-QsCFzjxJ/fnuLrfaeBIcxQgZoOXpFmoi7FjNWFuOhdk=",
      "System.Net.Http.Json.wasm": "sha256-gM1Tf4evcf4QX4N+wmV7hLxITRHAMxFE/r8fW+oxN7Y=",
      "System.Net.Http.wasm": "sha256-y4UJKfxU4SF2/Bda87wAzYTfz4H6dbIiOU8Cx9ArX/4=",
      "System.Net.Primitives.wasm": "sha256-qrK5qEqUB3cIumPvzCMe49OjMa0koV8TdDnen+wcI14=",
      "System.Net.Requests.wasm": "sha256-yn5LV5g/uJ++QtCMiI0Yw8Io8K0s2HOWaaQ+6Sp2vtA=",
      "System.Net.Security.wasm": "sha256-xgjGtbA6QcMe8A94LdIwjdNqJtf8ASKAtg0+3ixUu2Y=",
      "System.Net.ServicePoint.wasm": "sha256-Qph0OBqETvIp7KtQVwupGviWRolEZYI79OkwZUjjnsc=",
      "System.Net.Sockets.wasm": "sha256-eErX+lOOxzXqYCoNaekDxrm2C1h7mOEv5i42TjdzsuU=",
      "System.Net.WebHeaderCollection.wasm": "sha256-r6pBEYx++S1Jce2GLKQ6vMjiL+PdgXRh3Pj2jsox2N0=",
      "System.Net.WebProxy.wasm": "sha256-RDXFgWvonayWJVSug+0EO6TR9JueUeLhjmrZzXJCax8=",
      "System.Net.WebSockets.Client.wasm": "sha256-mbsm5bRLk5qNV44YpP+hf3NJbq6bHqbcQcx/oFi62ec=",
      "System.Net.WebSockets.wasm": "sha256-/r9yBAKifZM0er7gFOSsW+FJgYhk1ViQR/74NsabCmc=",
      "System.Numerics.Vectors.wasm": "sha256-5gjTXTWnX4MR2wsFvzxbcjhSDaMW2pW+fSpH1QrLn1A=",
      "System.ObjectModel.wasm": "sha256-Pr5ZtQxh+b99Q5F5+b/NMT9pDF+CsdGlqnJTOQJdff0=",
      "System.Private.CoreLib.wasm": "sha256-ovAkVU9fL9MlvJmztq5FBR3xJXyAjdVctL4UzSO1MiM=",
      "System.Private.Uri.wasm": "sha256-Bb8DrO2rVEuHNPTrMcwgdbUaCVrsHTPi68JjHGanHAI=",
      "System.Private.Xml.Linq.wasm": "sha256-JIswFIPWkKurt0dEstDrqlLTnbNLVNibkn6wYYRdqB0=",
      "System.Private.Xml.wasm": "sha256-vOA8OdEZ24zcxMIUVMsbr7ot9DRwLydZahb2vgVbBR4=",
      "System.Runtime.CompilerServices.Unsafe.wasm": "sha256-FXpwgldc9VvRmGfEHsP/RNOwN1SXjETPzsQ00XAkeYU=",
      "System.Runtime.InteropServices.JavaScript.wasm": "sha256-4Sst1YSOvHCoWyz05dDIFI+0AbTxIZ6ZPKzANwUFC7U=",
      "System.Runtime.InteropServices.wasm": "sha256-DeWOjPIuhoB4KIzNS2UshtjBkO6YD2+f5LjHGuLV4/4=",
      "System.Runtime.Intrinsics.wasm": "sha256-2iHebuH5nljqCHUhpF8U9YQ2BNPOeJD1vhbNsb6dgYA=",
      "System.Runtime.Numerics.wasm": "sha256-CGT33vbBBRejo3zbYU5HN9QvlAC52JyE736UH5ZI788=",
      "System.Runtime.Serialization.Formatters.wasm": "sha256-b41mIx/XiAmFgDGQR/tmOK0GD+R3knzngFJkQp4HHRk=",
      "System.Runtime.Serialization.Primitives.wasm": "sha256-i1/7voqniQOcQV2kxO7hwltB1LoalRJwlOWq8tQs4Mo=",
      "System.Runtime.wasm": "sha256-HboPOzyqR8r1THv1yRmcmKSskXZacSea9Rlqna5TbsI=",
      "System.Security.Claims.wasm": "sha256-MFdP51tskjLQVOHbW5c5ULrKT30nBreI2yX8/QzcayY=",
      "System.Security.Cryptography.Algorithms.wasm": "sha256-y/0hC/RvHhMPwhgb59zI90PC/N1de2WvjfYvWRTuW9s=",
      "System.Security.Cryptography.Cng.wasm": "sha256-/TTNEaP/Nzt+tQBLY2mu0LRqvDlwOdxxH44gUNBoPGA=",
      "System.Security.Cryptography.Primitives.wasm": "sha256-g4rRHuV0629oZ9GsARgzimXfE796ecLSW71AT5NImPE=",
      "System.Security.Cryptography.wasm": "sha256-JHvWF5ca/DOR2jWHLdUE/Svw2t5jft8FJG3UHgLZTvQ=",
      "System.Text.Encoding.CodePages.wasm": "sha256-n47Kj/DTgqtZ2W+3JFPz6S2HIaYueiXXiYNX+15L2Fc=",
      "System.Text.Encodings.Web.wasm": "sha256-efUqsot7pBYXlyuI/PyRWnqg2R7ZZgebPcodQ/GrGuc=",
      "System.Text.Json.wasm": "sha256-bTSPJTEy88HaIc+EGqa9kOstNxSR8TN4WT/6S1hh+rY=",
      "System.Text.RegularExpressions.wasm": "sha256-5/eTS807c//EOwdlb2zynb+uZVNfmVGFA5nW8TxCyIA=",
      "System.Threading.Channels.wasm": "sha256-PQXezOGVQQCAoXMoRVQBC297zuTrxKCNZ7TUTrNJqhs=",
      "System.Threading.wasm": "sha256-Py8aAJ8cWbR7s+limqlkebkkX82AEKTPUkc8AUN1LV4=",
      "System.wasm": "sha256-VcEDE6pOk70XKMQ28ZpXByBb3BywZlGf2e3G/xiAMhI=",
      "System.Xml.Linq.wasm": "sha256-MusREUTK3LAhkxsfYZilIgjuDLNX4hY6gSqlFOzDjQE="
    }
  },
  "cacheBootResources": true,
  "debugLevel": 0,
  "linkerEnabled": true,
  "globalizationMode": "sharded",
  "extensions": {
    "blazor": {}
  }
}